INSERT INTO ROLE (ROLE_) VALUES ('ADMIN');
INSERT INTO ROLE (ROLE_) VALUES ('MOD');
INSERT INTO ROLE (ROLE_) VALUES ('USER');

INSERT INTO SERVICE_TYPE (TYPE_) VALUES ('RECOMMENDATION');
INSERT INTO SERVICE_TYPE (TYPE_) VALUES ('PREVISION');

INSERT INTO PART_TYPE (TYPE_) VALUES ('PART1');
INSERT INTO PART_TYPE (TYPE_) VALUES ('PART2');
INSERT INTO PART_TYPE (TYPE_) VALUES ('PART3');

INSERT INTO CONTACT_DATA (CONTACT_NR, EMAIL, PHONE) VALUES (16970, 'Manolo@Eldelbom.yahoo.com', 86290-6970);
INSERT INTO CONTACT_DATA (CONTACT_NR, EMAIL, PHONE) VALUES (60376, 'Max@Mustermann', 703-2444);

INSERT INTO ADDRESS (ADDRESS_ID, STREET, STREET_NR, ZP_CODE, COUNTRY) VALUES (86290, 'Straße', 22, 70444, 'Deutschland');
INSERT INTO ADDRESS (ADDRESS_ID, STREET, STREET_NR, ZP_CODE, COUNTRY) VALUES (703, 'Straße', 14, 70444, 'Deutschland');
INSERT INTO ADDRESS (ADDRESS_ID, STREET, STREET_NR, ZP_CODE, COUNTRY) VALUES (98010, 'Werkstraße', 14, 70444, 'Deutschland');
INSERT INTO ADDRESS (ADDRESS_ID, STREET, STREET_NR, ZP_CODE, COUNTRY) VALUES (80900, 'Werk1straße', 14, 70444, 'Deutschland');
INSERT INTO ADDRESS (ADDRESS_ID, STREET, STREET_NR, ZP_CODE, COUNTRY) VALUES (30476, 'Sesamtraße', 14, 70444, 'Deutschland');

INSERT INTO PERSON (PERSON_ID, FIRST_NAME, LAST_NAME,  ADDRESS_ID, CONTACT_NR) VALUES (95352, 'Manolo','Eldelbom', 86290, 16970);
INSERT INTO PERSON (PERSON_ID, FIRST_NAME, LAST_NAME,  ADDRESS_ID, CONTACT_NR) VALUES (2444, 'Max','Mustermann', 703, 60376);
INSERT INTO PERSON (PERSON_ID, FIRST_NAME, LAST_NAME,  ADDRESS_ID, CONTACT_NR) VALUES (56107, 'Martina','Bonika', 30476, 60376);
INSERT INTO PERSON (PERSON_ID, FIRST_NAME, LAST_NAME,  ADDRESS_ID, CONTACT_NR) VALUES (30476, 'Martin','Boniko', 30476, 60376);

INSERT INTO USERS (USER_ID, PERSON_ID, ROLE_ID, WORKSHOP_ID) VALUES (5444, 95352,'USER', 80900);
INSERT INTO USERS (USER_ID, PERSON_ID, ROLE_ID, WORKSHOP_ID) VALUES (763, 2444,'ADMIN', 10913);
INSERT INTO USERS (USER_ID, PERSON_ID, ROLE_ID, WORKSHOP_ID) VALUES (75244, 56107,'MOD', 10913);

INSERT INTO WORKSHOP (WORKSHOP_ID, USER_ID, USER_R, USER_AD, USER_AD_R, USER_MOD, USER_MOD_R, ADDRESS_ID) VALUES (
                        80900,  5444, 'USER', 94323, 'ADMIN', 60376, 'MOD', 98010 );
INSERT INTO WORKSHOP (WORKSHOP_ID, USER_ID, USER_R, USER_AD, USER_AD_R, USER_MOD, USER_MOD_R, ADDRESS_ID) VALUES (
                        10913, 40745, 'USER', 31372, 'ADMIN', 60376, 'MOD', 80900 );



INSERT INTO VEHICLE (VEHICLE_ID, LICENCE_NR, MODEL, PERSON_ID) VALUES (59483,'XX-15352','OPEL', 95352);
INSERT INTO VEHICLE (VEHICLE_ID, LICENCE_NR, MODEL, PERSON_ID) VALUES (70904,'MX-9552','CITROEN', 2444);
INSERT INTO VEHICLE (VEHICLE_ID, LICENCE_NR, MODEL, PERSON_ID) VALUES (93000, 'XD-95452','ASTRA', 30476);

INSERT INTO SERVICE (SERVICE_ID, CREATION_DATE, MEASUREMENTS, TYPE_, PARTS_, RECOMMENDATION_DATE) VALUES (
                                73616, '2019-06-19','asdfserasdfs', 'RECOMMENDATION','PART1','2002-11-05');
INSERT INTO SERVICE (SERVICE_ID, CREATION_DATE, MEASUREMENTS, TYPE_, PARTS_, RECOMMENDATION_DATE) VALUES (
                                27377, '2021-03-23','asdfserasdfs', 'RECOMMENDATION','PART1','2022-04-04');

INSERT INTO REPORT (REPORT_ID, SERVICE_ID) VALUES (42404, 73616);
INSERT INTO REPORT (REPORT_ID, SERVICE_ID) VALUES (27377, 73616);